Senior Automation/QE Engineer, Dundee, 
United Kingdom
 , Engineering 
Senior Events Specialist, Multiple , Marketing 
Applications Engineer, Multiple , Support 
Architect, Warsaw, 
Poland
 , Engineering 
Frontend Developer, Edinburgh, 
United Kingdom
 , Engineering 
DevOps Engineering Manager, Morrisville, North Carolina
United States
 , Engineering 
Sales Executive, North Sydney, New South Wales
Australia
 , Sales 
Senior Software Engineer (C#), Edinburgh, 
United Kingdom
 , Engineering 
Senior Software Engineer, Dundee, 
United Kingdom
 , Engineering 
Senior Software Engineer, Warsaw, 
Poland
 , Engineering 
Senior Front-End Engineer (Angular), Warsaw, 
Poland
 , Engineering 
UX Researcher, Edinburgh, 
United Kingdom
 , Engineering 
Support Operations, Intermediate - (Reporting & Data Analytics), Fort Bonifacio, Taguig, 
Philippines
 , Customer Success 
Support Operations Senior Manager - (System Process Engineering & Automations), Fort Bonifacio, Taguig, 
Philippines
 , Customer Success 
Java Developer (Cloud), Multiple , Engineering 
Partner Success Program and Enablement Specialist, Fort Bonifacio, Taguig, 
Philippines
 , Support 
Engineering Manager, Edinburgh, 
United Kingdom
 , Engineering 
Senior Automation/QE Engineer, Edinburgh, 
United Kingdom
 , Engineering 
Senior C# Software Engineer, Bucharest, 
Romania
 , Engineering 
Software Engineer, Ottawa, Ontario
Canada
 , Engineering 
Senior Program Manager, United States
 , Engineering 
Senior Java Software Engineer (hybrid), Ottawa, Ontario
Canada
 , Engineering 
Senior Solution Architect, Warsaw, 
Poland
 , Engineering 
Lead UX Designer, Edinburgh, 
United Kingdom
 , Engineering 
Sales Executive (Italy), Vienna, 
Austria
 , Sales 
Sales Development Representative, Utrecht, 
Netherlands
 , Sales 
Sales Development Representative (DACH), Vienna, 
Austria
 , Sales 
Applications Engineer, Intermediate (Contract), Ottawa, Ontario
Canada
 , Information Technology 
Senior Director, Product Incubation and Portfolio Strategy, Multiple , Engineering 
Senior Cloud Architect, Multiple , Engineering 
Java Developer, Ottawa, Ontario
Canada
 , Engineering 
Mid/Senior Test Engineer, Bucharest, 
Romania
 , Engineering 
Data Engineer, Multiple , Information Technology 
Boomi Developer, Multiple , Engineering 
Principal Product Manager (RMM), Multiple , Engineering 
Subscription Billing Systems - Senior/Lead Admininstor, Multiple , Information Technology 
Solutions Consultant, Multiple , Sales 
Senior Accountant, Burlington, Massachusetts
United States
 , Corporate 
Software Engineer, Bucharest, 
Romania
 , Engineering 
Test Automation/QE Engineer, Edinburgh, 
United Kingdom
 , Engineering 
Technical Support Engineer, Intermediate (Mid Shift), Fort Bonifacio, Taguig, 
Philippines
 , Support 
DevOps Engineer, Morrisville, North Carolina
United States
 , Engineering 
DevOps Engineer, Bucharest, 
Romania
 , Engineering 
Tax Analyst, Dundee, 
United Kingdom
 , Corporate 
Software Engineering Manager, Edinburgh, 
United Kingdom
 , Engineering 
Senior Front-End Software Engineer, Warsaw, 
Poland
 , Engineering 
Automation/QA Engineer, Warsaw, 
Poland
 , Engineering 
Software Architect, Edinburgh, 
United Kingdom
 , Engineering 
Senior Program Manager, Multiple , Sales 
Creative Web Designer, Edinburgh, 
United Kingdom
 , Marketing 
Business Analyst, Ottawa, Ontario
Canada
 , Sales 
Senior Manager, People Business Partner, Multiple , Corporate 
DevOps Engineer, Warsaw, 
Poland
 , Engineering 
Office Administrator, Bucharest, 
Romania
 , Corporate 
Associate Software Engineer, Bucharest, 
Romania
 , Engineering 
Technical Support (Security - AV, EDR, Mail, DNS) - Night Shift, Fort Bonifacio, Taguig, 
Philippines
 , Support 
HR Business Partner, Utrecht, 
Netherlands
 , Corporate 
Director, Sales Effectiveness, Ottawa, Ontario
Canada
 , Sales 
Content Campaign Manager, Edinburgh, 
United Kingdom
 , Marketing 
Account Manager, Edinburgh, 
United Kingdom
 , Sales 
Sales Executive, Edinburgh, 
United Kingdom
 , Sales 
Software Engineering Manager, Dundee, 
United Kingdom
 , Engineering 
Senior Data Architect, Edinburgh, 
United Kingdom
 , Engineering 
Senior Product Marketing Manager, United States
 , Marketing 
Partner Success Program and Enablement Specialist, Ottawa, Ontario
Canada
 , Customer Success 
Technical Trainer (mid-shift), Fort Bonifacio, Taguig, 
Philippines
 , Customer Success 
C++ and Python Software Engineer, Bucharest, 
Romania
 , Engineering 
Associate Test Engineer, Bucharest, 
Romania
 , Engineering 
Pre-Sales Engineer, Utrecht, 
Netherlands
 , Sales 
Sales Development Representative, Bucharest, 
Romania
 , Sales 
Channel Marketing Manager, Multiple , Marketing 
Sales Executive DACH, Vienna, 
Austria
 , Sales 
Associate Go Software Engineer, Bucharest, 
Romania
 , Engineering 
Technical Support Rep, Intermediate, Fort Bonifacio, Taguig, 
Philippines
 , Support 
Senior Java Software Engineer, Bucharest, 
Romania
 , Engineering 
Technical Services Team Lead, North Sydney, New South Wales
Australia
 , Support 
Senior Financial Analyst FP&A, Burlington, Massachusetts
United States
 , Corporate 
Senior Developer (Angular), Ottawa, Ontario
Canada
 , Engineering 
Senior Frontend Software Engineer, Bucharest, 
Romania
 , Engineering 
Pre-Sales Engineer, Vienna, 
Austria
 , Sales 
Pre-Sales Solutions Engineer, Intermediate, Multiple , Sales 
Technical Services Consultant Lead, Edinburgh, 
United Kingdom
 , Support 
Partner Success Engineer (Team Lead), Multiple , Sales 
Sales Development Representative, Multiple , Sales 
Sales Executive, Multiple , Sales 
Sales Executive, Morrisville, NC, North Carolina
United States
 , Sales 
Sales Development Representative, Ottawa, Ontario
Canada
 , Sales 
Java Software Engineer - DNS Filtering, Bucharest, 
Romania
 , Engineering 
Senior .NET Software Engineer- Antivirus Product, Bucharest, 
Romania
 , Engineering 
Go Software Engineer, Bucharest, 
Romania
 , Engineering 
MSP Business Development Exec, Major Accounts, Ottawa, Ontario
Canada
 , Sales 
Senior Software Engineer (Angular), Edinburgh, 
United Kingdom
 , Engineering 
Senior Software Engineer, Dundee, 
United Kingdom
 , Engineering 
Senior Software Engineer (С++ and Python), Warsaw, 
Poland
 , Engineering 
Support Operations Lead Manager - (SalesForce, Jira, Telephony Solutions), Fort Bonifacio, Taguig, 
Philippines
 , Customer Success 
Senior Automation/QE Engineer, Dundee, 
United Kingdom
 , Engineering 
Automation/QE Engineer, Edinburgh, 
United Kingdom
 , Engineering 
Technical Support Engineer, Intermediate (Morning Shift), Fort Bonifacio, Taguig, 
Philippines
 , Support 
DevOps Engineer, Morrisville, North Carolina
United States
 , Engineering 
DevOps Engineer, Bucharest, 
Romania
 , Engineering 
Technical Support (RMM) - Night Shift, Fort Bonifacio, Taguig, 
Philippines
 , Support 
Senior Frontend Software Engineer, Bucharest, 
Romania
 , Engineering 
Senior Software Engineer, Bucharest, 
Romania
 , Engineering 
Senior Java Software Engineer, Bucharest, 
Romania
 , Engineering 
Senior Software Engineer, Edinburgh, 
United Kingdom
 , Engineering 
Software Engineer, Warsaw, 
Poland
 , Engineering 
Senior Automation/QE Engineer, Edinburgh, 
United Kingdom
 , Engineering 
Senior Software Engineer, Warsaw, 
Poland
 , Engineering 
Software Engineer, Edinburgh, 
United Kingdom
 , Engineering 
Staff Software Engineer, Edinburgh, 
United Kingdom
 , Engineering 
Senior Software Engineer (С++), Warsaw, 
Poland
 , Engineering 
Senior Software Engineer, Edinburgh, 
United Kingdom
 , Engineering 
Software Engineer (С++ and Python), Warsaw, 
Poland
 , Engineering 
Senior Software Engineer, Edinburgh, 
United Kingdom
 , Engineering 
Senior Software Engineer (C++), Warsaw, 
Poland
 , Engineering 
Senior Software Engineer, Warsaw, 
Poland
 , Engineering 
